timestamp,order_id,symbol,side,type,price,quantity,status,time_in_force,filled_qty,avg_fill_price
1770373350754,15c032b0-9993-43db-9b13-85f566bd6771,DOGEUSDT,BUY,ENTRY,0.09331,523,SENT,,,
1770373351845,b471ce25-ea62-434f-9a0e-6f48b5d7f8cb,ETHUSDT,BUY,ENTRY,1958.56,0.03,SENT,,,
1770373351845,b471ce25-ea62-434f-9a0e-6f48b5d7f8cb,ETHUSDT,BUY,Limit,1958.56,0.03,FILLED,,,
1770373353605,f9c8965d-57bf-4384-8590-f0dac8ea0aee,SOLUSDT,SELL,ENTRY,84.58,0.4,SENT,,,
1770373353606,15c032b0-9993-43db-9b13-85f566bd6771,DOGEUSDT,BUY,Limit,0.09331,523.0,FILLED,,,
1770373358646,734456ce-0c74-43ba-9b88-6a5232e23dc0,ETHUSDT,SELL,Market,1880.23,0.03,FILLED,,,
1770373359474,f9c8965d-57bf-4384-8590-f0dac8ea0aee,SOLUSDT,SELL,Limit,84.58,0.4,FILLED,,,
1770373376672,f6d4e4ae-a032-4c2d-8b42-40af8a6d9e65,XRPUSDT,SELL,ENTRY,1.3428,28,SENT,,,
1770373378697,f6d4e4ae-a032-4c2d-8b42-40af8a6d9e65,XRPUSDT,SELL,Limit,1.3428,28.0,FILLED,,,
1770373400654,a7091296-5dcc-454b-990d-7eea446b8da2,SOLUSDT,SELL,ENTRY,81.02,0.4,SENT,,,
1770373401403,b5b6c6fa-0312-46c0-950d-78515ce50cb7,SOLUSDT,BUY,Market,81.02,0.4,FILLED,,,
1770373403462,a7091296-5dcc-454b-990d-7eea446b8da2,SOLUSDT,SELL,Limit,81.02,0.4,FILLED,,,
1770373445777,6862647f-4935-4ed1-8fa5-3eb4baf52b9e,DOGEUSDT,SELL,ENTRY,0.09154,502,SENT,,,
1770373445778,6862647f-4935-4ed1-8fa5-3eb4baf52b9e,DOGEUSDT,SELL,Limit,0.09154,502.0,FILLED,,,
1770373451093,d0995d9f-4207-4a30-9da0-d86a528aa145,XRPUSDT,BUY,ENTRY,1.3486,28,SENT,,,
1770373455106,4449ba01-4649-4e9b-a4d6-3258d258e053,SOLUSDT,BUY,ENTRY,80.73,0.5,SENT,,,
1770373455106,f2b4922a-37e0-49ac-b4e1-a111f76cd30c,DOGEUSDT,SELL,Market,0.09006,21.0,FILLED,,,
1770373459474,4449ba01-4649-4e9b-a4d6-3258d258e053,SOLUSDT,BUY,Limit,80.73,0.5,FILLED,,,
1770373459685,d0995d9f-4207-4a30-9da0-d86a528aa145,XRPUSDT,BUY,Limit,1.3486,28.0,FILLED,,,
1770373475668,be095c0a-ef97-437d-b289-f38862bafda4,ETHUSDT,SELL,ENTRY,1922.53,0.03,SENT,,,
1770373478943,be095c0a-ef97-437d-b289-f38862bafda4,ETHUSDT,SELL,Limit,1922.53,0.03,FILLED,,,
1770373516619,66ac8a8e-98fa-4a15-ab7e-1521b77b1c7c,XRPUSDT,BUY,ENTRY,1.4017,28,SENT,,,
1770373518697,66ac8a8e-98fa-4a15-ab7e-1521b77b1c7c,XRPUSDT,BUY,Limit,1.4017,28.0,FILLED,,,
1770373526307,146b7d6e-b51e-407b-bd4b-440cf3ece3a8,SOLUSDT,BUY,ENTRY,84.62,0.5,SENT,,,
1770373528738,146b7d6e-b51e-407b-bd4b-440cf3ece3a8,SOLUSDT,BUY,Limit,84.62,0.5,FILLED,,,
1770373528954,ddfdfd14-98ac-4689-b433-091929e1282e,SOLUSDT,SELL,Market,81.41,0.5,FILLED,,,
1770373528963,2921340c-e59f-4c93-b149-bc64a840ab30,SOLUSDT,SELL,Market,81.41,0.1,FILLED,,,
1770373530972,0a8dc324-5166-4607-93e9-9715d5f16dc5,DOGEUSDT,BUY,ENTRY,0.09302,470,SENT,,,
1770373539544,0a8dc324-5166-4607-93e9-9715d5f16dc5,DOGEUSDT,BUY,Limit,0.09302,470.0,FILLED,,,
1770373567480,107d91a4-2b4e-4eec-9985-298b141c1850,XRPUSDT,BUY,ENTRY,1.3911,31,SENT,,,
1770373568402,77d8515a-adc1-4d85-84c4-3dc1d69c64a2,XRPUSDT,SELL,Market,1.3911,28.0,FILLED,,,
1770373568673,107d91a4-2b4e-4eec-9985-298b141c1850,XRPUSDT,BUY,Limit,1.3911,31.0,FILLED,,,
1770373571043,4bb32f02-faf7-42ac-baa5-ae4b12c20d87,ETHUSDT,BUY,ENTRY,1962.26,0.03,SENT,,,
1770373571043,4bb32f02-faf7-42ac-baa5-ae4b12c20d87,ETHUSDT,BUY,Limit,1962.26,0.03,FILLED,,,
1770373575877,4d33b249-9d99-4f6f-a0ae-bfb8bde75cef,SOLUSDT,BUY,ENTRY,81.28,0.5,SENT,,,
1770373585990,b7273a85-73fd-46c5-aa7d-bcb1b289040b,DOGEUSDT,SELL,ENTRY,0.09225,459,SENT,,,
1770373587734,b7273a85-73fd-46c5-aa7d-bcb1b289040b,DOGEUSDT,SELL,Limit,0.09225,459.0,FILLED,,,
1770373615837,26277e68-9913-41cf-99be-4a09789660fb,XRPUSDT,SELL,ENTRY,1.4126,15,SENT,,,
1770373623352,ab58ac14-5027-49c2-b63f-a2a3ca600a97,SOLUSDT,SELL,ENTRY,81.5,0.2,SENT,,,
1770373623352,26277e68-9913-41cf-99be-4a09789660fb,XRPUSDT,SELL,Limit,1.4126,15.0,FILLED,,,
1770373623463,ab58ac14-5027-49c2-b63f-a2a3ca600a97,SOLUSDT,SELL,Limit,81.5,0.2,FILLED,,,
1770373641347,dbed534c-0dec-43f1-8e2b-5d7642d3667f,ETHUSDT,SELL,ENTRY,1890.51,0.01,SENT,,,
1770373641347,dbed534c-0dec-43f1-8e2b-5d7642d3667f,ETHUSDT,SELL,Limit,1890.51,0.01,FILLED,,,
1770373644474,4d33b249-9d99-4f6f-a0ae-bfb8bde75cef,SOLUSDT,BUY,Limit,81.28,0.5,FILLED,,,
1770373644944,93e66647-960c-45ed-8531-50b9bbe74b28,ETHUSDT,BUY,Market,1966.14,0.01,FILLED,,,
1770373650627,de51a539-13e9-4892-8ba5-da2736085c4a,DOGEUSDT,BUY,ENTRY,0.09291,212,SENT,,,
1770373651710,4af3fa9c-0a59-4874-bc77-d647a79398ce,DOGEUSDT,SELL,Market,0.09291,11.0,FILLED,,,
1770373659527,de51a539-13e9-4892-8ba5-da2736085c4a,DOGEUSDT,BUY,Limit,0.09291,212.0,FILLED,,,
1770373685897,4b4e8d89-49d3-4c20-a608-01e97643c6af,XRPUSDT,SELL,ENTRY,1.3155,15,SENT,,,
1770373688087,4b4e8d89-49d3-4c20-a608-01e97643c6af,XRPUSDT,SELL,Limit,1.3155,15.0,FILLED,,,
1770373689795,f0cdf7dc-84c1-406b-8b8b-06582e71e751,SOLUSDT,BUY,ENTRY,81.48,0.2,SENT,,,
1770373691432,c6bfb799-acb8-468e-836b-b82f86b0db5d,SOLUSDT,SELL,Market,81.48,0.2,FILLED,,,
1770373694173,f0cdf7dc-84c1-406b-8b8b-06582e71e751,SOLUSDT,BUY,Limit,81.48,0.2,FILLED,,,
1770373700060,4f78e60f-05e9-443f-a8a4-51077c830bd8,ETHUSDT,BUY,ENTRY,1925.18,0.02,SENT,,,
1770373703924,4f78e60f-05e9-443f-a8a4-51077c830bd8,ETHUSDT,BUY,Limit,1925.18,0.02,FILLED,,,
1770373706192,1af3e079-a4bf-48f6-ad05-1c6c0cab19d3,SOLUSDT,SELL,Market,78.21,0.3,FILLED,,,
1770373715854,162f04e1-57d4-4b0f-af3c-31407c362214,DOGEUSDT,BUY,ENTRY,0.09607,208,SENT,,,
1770373716836,55a86021-a52c-4898-810c-c3d2bbc8af9a,DOGEUSDT,SELL,Market,0.09607,208.0,FILLED,,,
1770373718542,162f04e1-57d4-4b0f-af3c-31407c362214,DOGEUSDT,BUY,Limit,0.09607,208.0,FILLED,,,
1770373719541,65db1439-1041-488d-9f91-406d0ea7dc47,DOGEUSDT,SELL,Market,0.09222,212.0,FILLED,,,
1770373745861,76ba9f76-c6ca-473e-ba80-4708137ccb1f,XRPUSDT,BUY,ENTRY,1.3602,17,SENT,,,
1770373748803,d36b5b1c-8ba7-4644-ad12-afd7db453c0a,XRPUSDT,SELL,Market,1.3602,1.0,FILLED,,,
1770373750227,fa51e214-f193-46cd-9424-0976ef144688,SOLUSDT,SELL,ENTRY,84.61,0.2,SENT,,,
1770373753693,76ba9f76-c6ca-473e-ba80-4708137ccb1f,XRPUSDT,BUY,Limit,1.3602,17.0,FILLED,,,
1770373760935,fe09ece0-0207-430c-a51c-339ca069a380,ETHUSDT,BUY,ENTRY,1963.63,0.01,SENT,,,
1770373760935,fe09ece0-0207-430c-a51c-339ca069a380,ETHUSDT,BUY,Limit,1963.63,0.01,FILLED,,,
1770373761616,63d2ab9d-4bba-4877-b2b9-3d52a832fcc8,ETHUSDT,SELL,Market,1963.59,0.01,FILLED,,,
1770373763997,e542b4bb-9475-4540-af63-97475aa829a7,ETHUSDT,SELL,Market,1924.43,0.02,FILLED,,,
1770373764461,fa51e214-f193-46cd-9424-0976ef144688,SOLUSDT,SELL,Limit,84.61,0.2,FILLED,,,
1770373770876,d0210671-a89e-4a04-ba61-fbfb675961d7,DOGEUSDT,SELL,ENTRY,0.09154,218,SENT,,,
1770373771341,d0210671-a89e-4a04-ba61-fbfb675961d7,DOGEUSDT,SELL,Limit,0.09154,218.0,FILLED,,,
1770373796068,71eb63a3-89a8-466a-b64a-7af79c543fdc,XRPUSDT,BUY,ENTRY,1.3177,14,SENT,,,
1770373796744,c0cbcbff-e7a4-446d-8a3f-3b338ad82ba0,XRPUSDT,SELL,Market,1.3177,14.0,FILLED,,,
1770373804670,71eb63a3-89a8-466a-b64a-7af79c543fdc,XRPUSDT,BUY,Limit,1.3177,14.0,FILLED,,,
1770373818539,22e763f1-39d5-42ef-aa78-399255480929,DOGEUSDT,SELL,ENTRY,0.09462,240,SENT,,,
1770373819292,d0af1ff1-7fb0-4069-998d-bb05e266e96a,DOGEUSDT,BUY,Market,0.09462,218.0,FILLED,,,
1770373825076,114017b5-8776-4432-bf1a-4ad8ec620a8d,SOLUSDT,SELL,ENTRY,81.42,0.2,SENT,,,
1770373827289,a583e2bc-0da1-4a9c-9596-2509220352dd,SOLUSDT,BUY,Market,78.2,0.2,FILLED,,,
1770373828472,114017b5-8776-4432-bf1a-4ad8ec620a8d,SOLUSDT,SELL,Limit,81.42,0.2,FILLED,,,
1770373830599,6218dedb-0970-44a6-be58-b960b74077f4,ETHUSDT,SELL,ENTRY,1925.51,0.01,SENT,,,
1770373834928,6218dedb-0970-44a6-be58-b960b74077f4,ETHUSDT,SELL,Limit,1925.51,0.01,FILLED,,,
1770373852326,a199b9ca-67e0-41cb-860e-4be10a5f840c,XRPUSDT,BUY,ENTRY,1.3607,15,SENT,,,
1770373853246,51fea0a1-d7f4-4c49-b0a7-763331737c7b,XRPUSDT,SELL,Market,1.3607,15.0,FILLED,,,
1770373853698,a199b9ca-67e0-41cb-860e-4be10a5f840c,XRPUSDT,BUY,Limit,1.3607,15.0,FILLED,,,
1770373854701,7f1efacf-37d2-4b0b-b684-18aebb73f1ce,XRPUSDT,SELL,Market,1.3062,17.0,FILLED,,,
1770373876449,123c53bf-e614-41b4-8784-e3049b1bef6d,ETHUSDT,BUY,ENTRY,1962.64,0.01,SENT,,,
1770373876449,123c53bf-e614-41b4-8784-e3049b1bef6d,ETHUSDT,BUY,Limit,1962.64,0.01,FILLED,,,
1770373890617,02042613-b22d-4408-9967-1aa2b2000690,DOGEUSDT,SELL,ENTRY,0.09011,249,SENT,,,
1770373893734,02042613-b22d-4408-9967-1aa2b2000690,DOGEUSDT,SELL,Limit,0.09011,249.0,FILLED,,,
1770373949586,8235bacf-1344-4b48-9936-e64a70c36b1b,DOGEUSDT,BUY,Limit,0.0924,9.0,FILLED,,,
1770373949586,5f8cc018-9cc4-4f79-814e-b85b28d32ebc,DOGEUSDT,BUY,Limit,0.0924,9.0,FILLED,,,
1770373949586,a2439aa7-de20-4d0b-96cf-b8ffbb4651d7,DOGEUSDT,BUY,Limit,0.0924,9.0,FILLED,,,
1770373949586,9cd48a86-aebd-4c85-ad25-6ade1772b795,DOGEUSDT,BUY,Limit,0.0924,9.0,FILLED,,,
1770373949586,5bcf5edd-7eb0-4e6b-bed2-04ec67ee5dc5,DOGEUSDT,BUY,Limit,0.0924,9.0,FILLED,,,
1770373993161,e4737eef-6dd2-49e3-946e-c0fc20c561b7,SOLUSDT,BUY,ENTRY,81.51,0.9,SENT,,,
1770374009697,fcd20a78-a2f7-4305-b347-a645e5edc54b,DOGEUSDT,BUY,Limit,0.09279,9.0,FILLED,,,
1770374009697,10b533b1-eb33-4e85-823d-c9b435e394d4,DOGEUSDT,BUY,Limit,0.09279,9.0,FILLED,,,
1770374011444,dfd16f48-638c-4e37-871d-4085b6e6a4e2,DOGEUSDT,BUY,ENTRY,0.09209,777,SENT,,,
1770374018376,dfd16f48-638c-4e37-871d-4085b6e6a4e2,DOGEUSDT,BUY,Limit,0.09209,777.0,FILLED,,,
1770374018376,2d79bfb0-8111-4773-b33a-550d2591046f,DOGEUSDT,SELL,Limit,0.09217,9.0,FILLED,,,
1770374018376,e37d895b-1796-4ff9-bcb5-eebb69075281,DOGEUSDT,SELL,Limit,0.09217,9.0,FILLED,,,
1770374020920,043917b3-d245-493e-a733-d32564f55db5,ETHUSDT,SELL,ENTRY,1964.61,0.03,SENT,,,
1770374025840,77367629-a383-4667-948e-37682d6a925e,XRPUSDT,SELL,ENTRY,1.3249,34,SENT,,,
1770374025841,043917b3-d245-493e-a733-d32564f55db5,ETHUSDT,SELL,Limit,1964.61,0.03,FILLED,,,
1770374028693,77367629-a383-4667-948e-37682d6a925e,XRPUSDT,SELL,Limit,1.3249,34.0,FILLED,,,
1770374036552,ce1446be-24a5-4416-bd4f-fbbeec60e44f,DOGEUSDT,SELL,Limit,0.0958,9.0,FILLED,,,
1770374039487,e4737eef-6dd2-49e3-946e-c0fc20c561b7,SOLUSDT,BUY,Limit,81.51,0.9,FILLED,,,
1770374060770,cff4f9be-26ee-476c-9ff5-dc130d09d0ef,SOLUSDT,SELL,ENTRY,81.36,0.7000000000000001,SENT,,,
1770374069255,cff4f9be-26ee-476c-9ff5-dc130d09d0ef,SOLUSDT,SELL,Limit,81.36,0.7,FILLED,,,
1770374085638,7ec6f0d2-98b4-4309-8218-a502f62a5ca8,XRPUSDT,SELL,ENTRY,1.4258,37,SENT,,,
1770374088905,4145a032-85d1-422a-bc2e-48a401c32146,XRPUSDT,BUY,Market,1.3669,34.0,FILLED,,,
1770374088905,90b0890e-92ad-485b-9662-751e4954fba4,DOGEUSDT,SELL,Limit,0.09384,9.0,FILLED,,,
1770374088905,e5b51e91-3e56-4fad-8f1e-596bbc53ff5c,DOGEUSDT,SELL,Limit,0.09384,9.0,FILLED,,,
1770374088905,70d669d3-c7a4-4e70-b694-c56471942117,DOGEUSDT,SELL,Limit,0.09384,9.0,FILLED,,,
1770374088905,97c5b502-5457-4b7d-a78c-ec27ff9c74fa,DOGEUSDT,SELL,Limit,0.09384,9.0,FILLED,,,
1770374088905,da06a6bd-8d04-4609-b629-f9f4d32bd4d0,DOGEUSDT,SELL,Limit,0.09384,9.0,FILLED,,,
1770374256567,9d85ed98-36d9-40fc-92da-fee6694c8aad,DOGEUSDT,BUY,ENTRY,0.09167,2102,SENT,,,
1770374256567,9d85ed98-36d9-40fc-92da-fee6694c8aad,DOGEUSDT,BUY,Limit,0.09167,2102.0,FILLED,,,
1770374269760,ebceae25-5155-40aa-b71c-e5ecffcc12e4,DOGEUSDT,SELL,Market,0.09519,189.0,FILLED,,,
1770374269760,ebceae25-5155-40aa-b71c-e5ecffcc12e4,DOGEUSDT,SELL,Market,0.09426,1.0,FILLED,,,
1770374269760,ebceae25-5155-40aa-b71c-e5ecffcc12e4,DOGEUSDT,SELL,Market,0.09377,1.0,FILLED,,,
1770374269760,ebceae25-5155-40aa-b71c-e5ecffcc12e4,DOGEUSDT,SELL,Market,0.09328,1.0,FILLED,,,
1770374269760,ebceae25-5155-40aa-b71c-e5ecffcc12e4,DOGEUSDT,SELL,Market,0.09279,1.0,FILLED,,,
1770374269760,ebceae25-5155-40aa-b71c-e5ecffcc12e4,DOGEUSDT,SELL,Market,0.09237,154.0,FILLED,,,
1770374269760,ebceae25-5155-40aa-b71c-e5ecffcc12e4,DOGEUSDT,SELL,Market,0.0923,1.0,FILLED,,,
1770374269760,ebceae25-5155-40aa-b71c-e5ecffcc12e4,DOGEUSDT,SELL,Market,0.09181,1.0,FILLED,,,
1770374269760,ebceae25-5155-40aa-b71c-e5ecffcc12e4,DOGEUSDT,SELL,Market,0.09153,1753.0,FILLED,,,
1770374276106,aa920356-3811-4971-b547-0246f0382a7d,ETHUSDT,SELL,ENTRY,1960.08,0.19,SENT,,,
1770374278632,9de6b3c6-6fc9-41ee-b46f-ebef50747c99,ETHUSDT,BUY,Market,1886.27,0.03,FILLED,,,
1770374281930,aa920356-3811-4971-b547-0246f0382a7d,ETHUSDT,SELL,Limit,1960.08,0.19,FILLED,,,
1770374284453,15d50486-03b7-4ece-88a4-948c78c721c8,XRPUSDT,SELL,ENTRY,1.4203,262,SENT,,,
1770374285173,675080d4-c0e2-44ed-b678-a3a76ec5a1a6,XRPUSDT,BUY,Market,1.4134,37.0,FILLED,,,
1770374317484,d3ba44c3-482a-4259-a081-471a5011274a,XRPUSDT,BUY,ENTRY,1.3611,255,SENT,,,
1770374323001,f0907de3-f407-4f79-800b-d6ea4ab38dc2,DOGEUSDT,SELL,Market,0.09072,279.0,FILLED,,,
1770374332690,15d50486-03b7-4ece-88a4-948c78c721c8,XRPUSDT,SELL,Limit,1.4203,153.1,FILLED,,,
1770374347821,15d50486-03b7-4ece-88a4-948c78c721c8,XRPUSDT,SELL,Limit,1.4203,108.9,FILLED,,,
1770374413513,7edf6291-9adc-4b3e-af6a-b245eead6a6d,SOLUSDT,SELL,ENTRY,81.35,3.3000000000000003,SENT,,,
1770374475623,de5fedba-3f7d-47ff-962d-6b091e6b596e,ETHUSDT,BUY,ENTRY,1962.95,0.19,SENT,,,
1770374487751,197e89c6-156f-4d37-94a2-c291dfc0b82d,ETHUSDT,BUY,Market,1960.75,0.19,FILLED,,,
1770374504711,bac834d2-5d44-4c74-8874-3274dc721aef,DOGEUSDT,SELL,ENTRY,0.09469,3889,SENT,,,
1770374541448,0c640514-ac12-40a9-87c6-b2e88d257f71,DOGEUSDT,BUY,ENTRY,0.09088,3775,SENT,,,
1770374597093,d4e2443f-4d87-4575-811f-079234a36c24,DOGEUSDT,SELL,ENTRY,0.09441,3693,SENT,,,
1770374651452,2e4022ff-f7da-4c2f-895e-1a80c0c3aa44,DOGEUSDT,SELL,ENTRY,0.09426,3679,SENT,,,
1770374651452,2e4022ff-f7da-4c2f-895e-1a80c0c3aa44,DOGEUSDT,SELL,Limit,0.09426,3679.0,FILLED,,,
1770374676659,0c640514-ac12-40a9-87c6-b2e88d257f71,DOGEUSDT,BUY,Limit,0.09088,3738.0,FILLED,,,
1770374676659,0c640514-ac12-40a9-87c6-b2e88d257f71,DOGEUSDT,BUY,Limit,0.09088,37.0,FILLED,,,
1770374679660,8bd65e2e-9f99-45ff-88c6-ef7bc7306ae7,DOGEUSDT,SELL,Limit,0.09328,1.0,FILLED,,,
1770374679660,8bd65e2e-9f99-45ff-88c6-ef7bc7306ae7,DOGEUSDT,SELL,Limit,0.09279,1.0,FILLED,,,
1770374679660,8bd65e2e-9f99-45ff-88c6-ef7bc7306ae7,DOGEUSDT,SELL,Limit,0.0923,1.0,FILLED,,,
1770374679660,8bd65e2e-9f99-45ff-88c6-ef7bc7306ae7,DOGEUSDT,SELL,Limit,0.09181,1.0,FILLED,,,
1770374679660,8bd65e2e-9f99-45ff-88c6-ef7bc7306ae7,DOGEUSDT,SELL,Limit,0.09132,1.0,FILLED,,,
1770374679660,8bd65e2e-9f99-45ff-88c6-ef7bc7306ae7,DOGEUSDT,SELL,Limit,0.09083,1.0,FILLED,,,
1770374679660,8bd65e2e-9f99-45ff-88c6-ef7bc7306ae7,DOGEUSDT,SELL,Limit,0.0908,8.0,FILLED,,,
1770374685025,176f5b22-0b6c-4730-8cbd-b8f43c4d6151,ETHUSDT,SELL,ENTRY,1963.03,0.2,SENT,,,
1770374698516,176f5b22-0b6c-4730-8cbd-b8f43c4d6151,ETHUSDT,SELL,Limit,1963.03,0.14,FILLED,,,
1770374735438,b3b20ef8-5a82-47e6-877e-c48de6888889,XRPUSDT,SELL,ENTRY,1.4347,243,SENT,,,
1770374739179,eacd5f43-3abd-42fe-a901-8ca753d58911,XRPUSDT,BUY,Market,1.3644,243.0,FILLED,,,
1770374757002,b3b20ef8-5a82-47e6-877e-c48de6888889,XRPUSDT,SELL,Limit,1.4347,243.0,FILLED,,,
1770374770026,f1a43248-3840-4c40-b17c-962631216e22,DOGEUSDT,BUY,ENTRY,0.09423,3452,SENT,,,
1770374772732,b621e8fe-ad66-48f3-b054-f3a456a72bfa,ETHUSDT,SELL,ENTRY,1898.42,0.23,SENT,,,
1770374782682,9a596998-4612-43fa-b6e2-255c69f731ab,ETHUSDT,BUY,Market,1885.5,0.02,FILLED,,,
1770374782682,9a596998-4612-43fa-b6e2-255c69f731ab,ETHUSDT,BUY,Market,1885.5,0.12,FILLED,,,
1770374791047,3975069e-9d6f-4b0f-a79d-d5a0289ac0d9,DOGEUSDT,SELL,Limit,0.09573,1.0,FILLED,,,
1770374791047,3975069e-9d6f-4b0f-a79d-d5a0289ac0d9,DOGEUSDT,SELL,Limit,0.09524,1.0,FILLED,,,
1770374791047,3975069e-9d6f-4b0f-a79d-d5a0289ac0d9,DOGEUSDT,SELL,Limit,0.09475,1.0,FILLED,,,
1770374791047,3975069e-9d6f-4b0f-a79d-d5a0289ac0d9,DOGEUSDT,SELL,Limit,0.09467,1.0,FILLED,,,
1770374791047,3975069e-9d6f-4b0f-a79d-d5a0289ac0d9,DOGEUSDT,SELL,Limit,0.09426,1.0,FILLED,,,
1770374791047,3975069e-9d6f-4b0f-a79d-d5a0289ac0d9,DOGEUSDT,SELL,Limit,0.09423,10.0,FILLED,,,
1770374791047,1c90933f-9f34-4a2e-af7b-fe9fd512bb80,DOGEUSDT,SELL,Limit,0.09573,1.0,FILLED,,,
1770374791047,1c90933f-9f34-4a2e-af7b-fe9fd512bb80,DOGEUSDT,SELL,Limit,0.09524,1.0,FILLED,,,
1770374791047,1c90933f-9f34-4a2e-af7b-fe9fd512bb80,DOGEUSDT,SELL,Limit,0.09475,1.0,FILLED,,,
1770374791047,1c90933f-9f34-4a2e-af7b-fe9fd512bb80,DOGEUSDT,SELL,Limit,0.09467,1.0,FILLED,,,
1770374791047,1c90933f-9f34-4a2e-af7b-fe9fd512bb80,DOGEUSDT,SELL,Limit,0.09426,1.0,FILLED,,,
1770374791047,1c90933f-9f34-4a2e-af7b-fe9fd512bb80,DOGEUSDT,SELL,Limit,0.09377,1.0,FILLED,,,
1770374807681,1c90933f-9f34-4a2e-af7b-fe9fd512bb80,DOGEUSDT,SELL,Limit,0.09365,9.0,FILLED,,,
1770374817312,b73fd417-3d14-4fb1-9da3-b97f35ff6f73,SOLUSDT,BUY,ENTRY,81.33,0.7000000000000001,SENT,,,
1770374861439,b1b6030c-f7d6-478b-8ee6-2b3726ac8c6c,ETHUSDT,BUY,ENTRY,1963.46,0.24,SENT,,,
1770374883063,176f5b22-0b6c-4730-8cbd-b8f43c4d6151,ETHUSDT,SELL,Limit,1963.03,0.06,FILLED,,,
1770374894316,9376d7ca-a42f-49ae-a138-79d116aecbd2,DOGEUSDT,BUY,ENTRY,0.0972,1814,SENT,,,
1770374896351,fda40e76-c27b-41bb-99b3-e06663c49cfe,ETHUSDT,BUY,ENTRY,1963.46,0.12,SENT,,,
1770374902076,cb2ac30c-af16-4488-86c0-4906860cbcb5,DOGEUSDT,BUY,Market,0.09622,1.0,FILLED,,,
1770374902106,cb2ac30c-af16-4488-86c0-4906860cbcb5,DOGEUSDT,BUY,Market,0.09623,55.0,FILLED,,,
1770374907876,427cfebd-3047-4035-935d-2bab88ab961d,ETHUSDT,BUY,Market,1925.17,0.06,FILLED,,,
1770375138202,bf2d3617-7379-4a1c-aa88-9a754f6d64d0,SOLUSDT,BUY,ENTRY,80.84,6.1000000000000005,SENT,,,
1770375140681,bf2d3617-7379-4a1c-aa88-9a754f6d64d0,SOLUSDT,BUY,Limit,80.84,6.1,FILLED,,,
1770375153437,2a483c44-7159-431c-b429-bcb038680af9,ETHUSDT,SELL,ENTRY,1958.52,0.03,SENT,,,
1770375197490,2a483c44-7159-431c-b429-bcb038680af9,ETHUSDT,SELL,Limit,1958.52,0.03,FILLED,,,
1770375202106,a5231f9d-977e-4fc3-9262-2531cea55180,XRPUSDT,BUY,ENTRY,1.3464,30,SENT,,,
1770375202107,a5231f9d-977e-4fc3-9262-2531cea55180,XRPUSDT,BUY,Limit,1.3464,30.0,FILLED,,,
1770375223507,a6510075-2331-4b01-800b-b0bfe558c005,DOGEUSDT,BUY,ENTRY,0.08973,316,SENT,,,
1770375248019,f36c249d-6003-4b65-a4c5-28e16d82f908,ETHUSDT,SELL,ENTRY,1953.47,0.03,SENT,,,
1770375251367,f36c249d-6003-4b65-a4c5-28e16d82f908,ETHUSDT,SELL,Limit,1953.47,0.03,FILLED,,,
1770375252248,3abe6ac8-c1cf-4d39-96cd-6e0a9e71d9e7,ETHUSDT,BUY,Market,1958.69,0.03,FILLED,,,
1770375256307,1aacf993-8cf6-4f00-852c-3bbea290d80d,SOLUSDT,SELL,ENTRY,84.02,0.30000000000000004,SENT,,,
1770375256307,1aacf993-8cf6-4f00-852c-3bbea290d80d,SOLUSDT,SELL,Limit,84.02,0.3,FILLED,,,
1770375271636,a6510075-2331-4b01-800b-b0bfe558c005,DOGEUSDT,BUY,Limit,0.08973,316.0,FILLED,,,
1770375278686,2701395b-6032-4dbe-a523-65db6adb03f8,XRPUSDT,SELL,ENTRY,1.4,29,SENT,,,
1770375291142,d51b0c95-97b8-4d06-b98e-4a5a67543efc,XRPUSDT,BUY,Market,1.3669,29.0,FILLED,,,
1770375292858,2701395b-6032-4dbe-a523-65db6adb03f8,XRPUSDT,SELL,Limit,1.4,29.0,FILLED,,,
1770375294566,32e4d4b6-2ba5-4f68-a51f-cfe3c519f7d4,XRPUSDT,BUY,Market,1.4215,212.0,FILLED,,,
1770375311229,3e35ad3c-ba32-442c-acaf-64bedbeb00d0,ETHUSDT,SELL,ENTRY,1953.83,0.03,SENT,,,
1770375342302,5622eb83-b18e-4fdb-a548-29abfd6980bd,ETHUSDT,BUY,ENTRY,1964.54,0.25,SENT,,,
1770375342303,3e35ad3c-ba32-442c-acaf-64bedbeb00d0,ETHUSDT,SELL,Limit,1953.83,0.03,FILLED,,,
1770375342303,5622eb83-b18e-4fdb-a548-29abfd6980bd,ETHUSDT,BUY,Limit,1964.54,0.11,FILLED,,,
1770375342335,5622eb83-b18e-4fdb-a548-29abfd6980bd,ETHUSDT,BUY,Limit,1964.54,0.09,FILLED,,,
1770375342335,5622eb83-b18e-4fdb-a548-29abfd6980bd,ETHUSDT,BUY,Limit,1964.54,0.05,FILLED,,,
1770375342891,b69ccd79-dcd3-4d7f-9896-30bd4d79b6b8,ETHUSDT,SELL,Market,1964.52,0.22,FILLED,,,
1770375361993,81ecc0af-5fce-48db-a307-a6b5f18b87ab,SOLUSDT,SELL,ENTRY,80.97,6.1000000000000005,SENT,,,
1770375367738,0dc71931-0a13-4490-9e28-cade30e41cdd,DOGEUSDT,BUY,ENTRY,0.09438,5297,SENT,,,
1770375368268,37a32565-0b12-4011-ad25-be04871630c2,DOGEUSDT,SELL,Market,0.09438,288.0,FILLED,,,
1770375370389,0dc71931-0a13-4490-9e28-cade30e41cdd,DOGEUSDT,BUY,Limit,0.09438,5297.0,FILLED,,,
1770375600107,87ed2426-b717-4ef5-94ff-08136715c5fe,SOLUSDT,BUY,UNKNOWN,80.811,5.8,FILLED,,,
1770375600129,892a9467-963f-4e36-a610-e2ff649f1255,DOGEUSDT,BUY,UNKNOWN,0.09367,5297.0,FILLED,,,
1770375603073,11c6ca7c-6da9-40f8-a3fd-82470920a780,DOGEUSDT,BUY,ENTRY,0.09624,654,SENT,,,
1770375604487,96a15099-9c02-4d0a-a98a-58bf8baf7cbf,DOGEUSDT,SELL,Market,0.09624,654.0,FILLED,,,
1770375605387,11c6ca7c-6da9-40f8-a3fd-82470920a780,DOGEUSDT,BUY,Limit,0.09624,654.0,FILLED,,,
1770375606407,cf736245-5bce-4043-85a4-cec23475da5f,DOGEUSDT,SELL,Market,0.09239,5297.0,FILLED,,,
1770375612854,d0ee1aea-37f8-4567-84f1-7ff6f147df8a,ETHUSDT,BUY,ENTRY,1961.39,0.03,SENT,,,
1770375612854,d0ee1aea-37f8-4567-84f1-7ff6f147df8a,ETHUSDT,BUY,Limit,1961.39,0.03,FILLED,,,
1770375620348,cd29eed0-bbee-4e8d-b8b5-0352a1ec29da,ETHUSDT,SELL,Market,1925.35,0.03,FILLED,,,
1770375638049,51183870-b28b-4d68-b4bd-413384860a3c,DOGEUSDT,SELL,ENTRY,0.09197,635,SENT,,,
1770375638297,51183870-b28b-4d68-b4bd-413384860a3c,DOGEUSDT,SELL,Limit,0.09197,635.0,FILLED,,,
1770375646041,360e5f9b-c9fc-4a21-aa14-d629c4d7299e,SOLUSDT,SELL,ENTRY,83.6,0.5,SENT,,,
1770375663941,30b71958-5184-40a2-afa3-c0cf9aea82d9,XRPUSDT,BUY,ENTRY,1.3752,49,SENT,,,
1770375808131,0dbb85ef-3784-4d3f-8ebe-69247be778a7,ETHUSDT,BUY,ENTRY,1957.94,0.04,SENT,,,
1770375808131,0dbb85ef-3784-4d3f-8ebe-69247be778a7,ETHUSDT,BUY,Limit,1957.94,0.04,FILLED,,,
1770375809450,35ac22f6-8276-4cd1-a367-40ae8635905c,ETHUSDT,SELL,Market,1957.93,0.04,FILLED,,,
1770375812589,a2227317-6a52-4255-8552-b4a32a8d2ab3,SOLUSDT,BUY,ENTRY,83.87,0.8,SENT,,,
1770375813121,a2227317-6a52-4255-8552-b4a32a8d2ab3,SOLUSDT,BUY,Limit,83.87,0.4,FILLED,,,
1770375815703,a2227317-6a52-4255-8552-b4a32a8d2ab3,SOLUSDT,BUY,Limit,83.87,0.4,FILLED,,,
1770375816353,585bb70b-3216-438c-8447-cf265c584cb2,SOLUSDT,SELL,Market,80.51,6.1,FILLED,,,
1770375848197,6d1edd45-e2a0-447f-b452-08f4734277a9,DOGEUSDT,BUY,ENTRY,0.09653,314,SENT,,,
1770375850483,6d1edd45-e2a0-447f-b452-08f4734277a9,DOGEUSDT,BUY,Limit,0.09653,314.0,FILLED,,,
1770375855091,02935072-42dc-4bcb-9e2e-a437a8a7961e,SOLUSDT,SELL,ENTRY,83.89,0.5,SENT,,,
1770375855492,988b372d-7c12-4321-a76a-e201e5708aae,DOGEUSDT,BUY,Market,0.09351,321.0,FILLED,,,
1770375858124,f5a09874-8e7a-4f2a-982a-0560bdb6150a,XRPUSDT,BUY,ENTRY,1.3725,26,SENT,,,
1770375858923,894c2e6e-e0f7-428a-b740-82d16745e7b3,XRPUSDT,SELL,Market,1.3725,26.0,FILLED,,,
1770375860726,f5a09874-8e7a-4f2a-982a-0560bdb6150a,XRPUSDT,BUY,Limit,1.3725,26.0,FILLED,,,
1770375862148,d8d1b2ab-d1dc-40f0-8762-778a1b6e612c,XRPUSDT,SELL,Market,1.3176,49.0,FILLED,,,
1770375867502,07c887e0-4315-48a4-a21f-8e91eba119f5,ETHUSDT,SELL,ENTRY,1961.23,0.03,SENT,,,
1770375881264,02935072-42dc-4bcb-9e2e-a437a8a7961e,SOLUSDT,SELL,Limit,83.89,0.5,FILLED,,,
1770375883012,9f00afa6-48d0-40a4-bd2b-c93f6f1ff386,DOGEUSDT,SELL,ENTRY,0.09003,454,SENT,,,
1770375885385,9f00afa6-48d0-40a4-bd2b-c93f6f1ff386,DOGEUSDT,SELL,Limit,0.09003,454.0,FILLED,,,
1770375896324,07c887e0-4315-48a4-a21f-8e91eba119f5,ETHUSDT,SELL,Limit,1961.23,0.03,FILLED,,,
1770375911300,5d09d8bf-1024-4a07-bfc0-c73fc588e709,SOLUSDT,BUY,ENTRY,80.51,0.5,SENT,,,
1770375916515,5d09d8bf-1024-4a07-bfc0-c73fc588e709,SOLUSDT,BUY,Limit,80.51,0.5,FILLED,,,
1770384201926,1727be53-9cbf-4e68-9679-723ed0e7ea60,SOLUSDT,BUY,ENTRY,82.3,0.7000000000000001,SENT,,,
1770384201927,1727be53-9cbf-4e68-9679-723ed0e7ea60,SOLUSDT,BUY,Limit,82.3,0.7,FILLED,,,
1770384204847,33e85492-86d0-42e6-b6c6-c62b32e279eb,SOLUSDT,SELL,Market,79.76,0.7,FILLED,,,
1770384276358,6be25cf9-192c-410d-8cad-acfc76550227,SOLUSDT,BUY,ENTRY,82.93,0.30000000000000004,SENT,,,
1770384278075,e57b8219-8180-4d25-af68-d725895e4527,DOGEUSDT,SELL,ENTRY,0.09845,311,SENT,,,
1770384281627,6be25cf9-192c-410d-8cad-acfc76550227,SOLUSDT,BUY,Limit,82.93,0.3,FILLED,,,
1770384281627,63037c73-e864-4ae9-a6a0-25b07b43a3ba,DOGEUSDT,BUY,Market,0.09835,311.0,FILLED,,,
1770384304952,9bec327b-746c-43f4-b503-f03c20da72f5,XRPUSDT,SELL,ENTRY,1.4018,22,SENT,,,
1770384306798,9bec327b-746c-43f4-b503-f03c20da72f5,XRPUSDT,SELL,Limit,1.4018,22.0,FILLED,,,
1770384356970,32cb2c4d-da25-4c33-80f4-32d304c10627,XRPUSDT,BUY,ENTRY,1.3993,22,SENT,,,
1770384362038,32cb2c4d-da25-4c33-80f4-32d304c10627,XRPUSDT,BUY,Limit,1.3993,22.0,FILLED,,,
1770384422833,5dfceb27-1fe4-4e44-8b3c-a8f39f46dd86,XRPUSDT,BUY,ENTRY,1.3969,22,SENT,,,
1770384431918,5dfceb27-1fe4-4e44-8b3c-a8f39f46dd86,XRPUSDT,BUY,Limit,1.3969,13.2,FILLED,,,
1770384431918,5dfceb27-1fe4-4e44-8b3c-a8f39f46dd86,XRPUSDT,BUY,Limit,1.3969,8.8,FILLED,,,
1770384434531,e57b8219-8180-4d25-af68-d725895e4527,DOGEUSDT,SELL,Limit,0.09845,311.0,FILLED,,,
1770384455233,c58ea5ed-c984-4bde-8684-cb51365660a7,XRPUSDT,BUY,ENTRY,1.3926,28,SENT,,,
1770384456142,63539c24-4561-4479-881e-0b0c1b4b0f94,XRPUSDT,SELL,Market,1.3409,22.0,FILLED,,,
1770384490985,1e03c34d-fb47-4a4f-95be-10a6aac9c8c0,SOLUSDT,SELL,ENTRY,83.18,0.4,SENT,,,
1770384491862,1e03c34d-fb47-4a4f-95be-10a6aac9c8c0,SOLUSDT,SELL,Limit,83.18,0.4,FILLED,,,
1770384492694,119c2b3e-12ed-4cd7-9e07-d87baa3d7d3b,SOLUSDT,BUY,Market,85.84,0.1,FILLED,,,
1770384508203,09f6dbb7-db73-4aab-9654-9d22a9679d00,XRPUSDT,SELL,ENTRY,1.448,28,SENT,,,
1770384536734,4a782427-c81f-47b5-a045-b20d4d52eefb,SOLUSDT,BUY,ENTRY,83.04,0.30000000000000004,SENT,,,
1770384538123,cf204477-280b-492e-88f4-4c245fceb640,DOGEUSDT,SELL,ENTRY,0.09441,309,SENT,,,
1770384539693,8fe2d343-1a48-42e1-8d1a-3e4ae95f1a43,DOGEUSDT,BUY,Market,0.09296,309.0,FILLED,,,
1770384540855,f7e1b5a7-3cf8-4c90-8284-d4654a68267a,XRPUSDT,SELL,ENTRY,1.4459,28,SENT,,,
1770384543545,cf204477-280b-492e-88f4-4c245fceb640,DOGEUSDT,SELL,Limit,0.09441,309.0,FILLED,,,
1770384543545,4a7b7f47-b6c3-4bd4-8ba0-888d49923fdb,DOGEUSDT,BUY,Market,0.09667,366.0,FILLED,,,
1770384566328,824c30f1-b61a-43f9-84ba-593c32c84798,ETHUSDT,BUY,ENTRY,1948.33,0.03,SENT,,,
1770384566328,824c30f1-b61a-43f9-84ba-593c32c84798,ETHUSDT,BUY,Limit,1948.33,0.03,FILLED,,,
1770384569596,4548d435-a4c5-4a9c-9288-4a0b43e48e4e,SOLUSDT,BUY,ENTRY,82.83,0.4,SENT,,,
1770384570261,4548d435-a4c5-4a9c-9288-4a0b43e48e4e,SOLUSDT,BUY,Limit,82.83,0.4,FILLED,,,
1770384571717,f2cd8b9c-7afb-4725-8a52-7b17a5ec3473,DOGEUSDT,BUY,ENTRY,0.09166,359,SENT,,,
1770384576331,03581d08-d694-4c93-b5d2-d2b0e66dc848,XRPUSDT,BUY,ENTRY,1.3383,31,SENT,,,
1770384578268,6e5882ae-d407-40cf-bfd4-1cd809903d6c,BTCUSDT,SELL,ENTRY,66951.0,0.007,SENT,,,
1770384591355,6e5882ae-d407-40cf-bfd4-1cd809903d6c,BTCUSDT,SELL,Limit,66951.0,0.005,FILLED,,,
1770384591355,6e5882ae-d407-40cf-bfd4-1cd809903d6c,BTCUSDT,SELL,Limit,66951.0,0.002,FILLED,,,
1770384594280,f7e1b5a7-3cf8-4c90-8284-d4654a68267a,XRPUSDT,SELL,Limit,1.4459,28.0,FILLED,,,
1770384594280,09f6dbb7-db73-4aab-9654-9d22a9679d00,XRPUSDT,SELL,Limit,1.448,28.0,FILLED,,,
1770384602407,5d59ebfd-e9f3-4be6-8238-d86b98a031b5,SOLUSDT,BUY,ENTRY,85.87,0.4,SENT,,,
1770384602840,c4985873-e764-47cc-bed3-482de9d66e6e,SOLUSDT,SELL,Market,85.87,0.4,FILLED,,,
1770384605295,5d59ebfd-e9f3-4be6-8238-d86b98a031b5,SOLUSDT,BUY,Limit,85.87,0.4,FILLED,,,
1770384615747,d7f5dbce-b984-4439-a55a-fe8fd6d742e9,XRPUSDT,SELL,ENTRY,1.4432,29,SENT,,,
1770384623839,293e9ba6-da1e-47a8-a7dd-68fdff6828f3,XRPUSDT,BUY,Market,1.4408,29.0,FILLED,,,
1770384625424,f676353b-b294-49fc-94c8-97924a107422,DOGEUSDT,BUY,ENTRY,0.09424,419,SENT,,,
1770384626437,f676353b-b294-49fc-94c8-97924a107422,DOGEUSDT,BUY,Limit,0.09424,419.0,FILLED,,,
1770384635151,da47a903-26a0-44fb-ae4f-a09b17f8aac1,SOLUSDT,SELL,ENTRY,85.89,0.30000000000000004,SENT,,,
1770384639160,8bf0156f-4d73-4eb2-8982-eb6e6d1625bc,ETHUSDT,SELL,ENTRY,1978.29,0.03,SENT,,,
1770384641303,da47a903-26a0-44fb-ae4f-a09b17f8aac1,SOLUSDT,SELL,Limit,85.89,0.3,FILLED,,,
1770384646285,8bf0156f-4d73-4eb2-8982-eb6e6d1625bc,ETHUSDT,SELL,Limit,1978.29,0.03,FILLED,,,
1770384646427,f2cd8b9c-7afb-4725-8a52-7b17a5ec3473,DOGEUSDT,BUY,Limit,0.09166,359.0,FILLED,,,
1770384656575,429a19c8-34f3-499a-a22b-756b8350edca,XRPUSDT,SELL,ENTRY,1.4334,29,SENT,,,
1770384657338,386a50a6-fb46-4758-9b01-2f2f2a17f098,XRPUSDT,BUY,Market,1.3764,27.0,FILLED,,,
1770384672345,429a19c8-34f3-499a-a22b-756b8350edca,XRPUSDT,SELL,Limit,1.4334,29.0,FILLED,,,
1770384672345,d7f5dbce-b984-4439-a55a-fe8fd6d742e9,XRPUSDT,SELL,Limit,1.4432,29.0,FILLED,,,
1770384683178,03581d08-d694-4c93-b5d2-d2b0e66dc848,XRPUSDT,BUY,Limit,1.3383,31.0,FILLED,,,
1770384762166,76fda959-c940-4776-92b0-d44494e9eb40,XRPUSDT,SELL,ENTRY,1.4414,27,SENT,,,
1770384771828,56f48d83-7062-4026-a4f3-21d1ab7d5d6c,XRPUSDT,BUY,Market,1.4246,27.0,FILLED,,,
1770384787863,840622ef-5e0e-4f8e-8cc6-7c3d70b9aca3,DOGEUSDT,SELL,ENTRY,0.09469,409,SENT,,,
1770384793861,840622ef-5e0e-4f8e-8cc6-7c3d70b9aca3,DOGEUSDT,SELL,Limit,0.09469,409.0,FILLED,,,
1770384836674,f2c54be6-7f16-42a8-a79f-e45dd9bde50b,XRPUSDT,BUY,ENTRY,1.3884,27,SENT,,,
1770384839686,f2c54be6-7f16-42a8-a79f-e45dd9bde50b,XRPUSDT,BUY,Limit,1.3884,27.0,FILLED,,,
1770384856255,76fda959-c940-4776-92b0-d44494e9eb40,XRPUSDT,SELL,Limit,1.4414,27.0,FILLED,,,
1770384886951,724ce387-af57-4738-a864-1f3b4fec45af,XRPUSDT,BUY,ENTRY,1.3848,28,SENT,,,
1770384921927,8bcf1f80-e963-446b-b9ed-c8d8f174cb92,SOLUSDT,BUY,ENTRY,79.3,0.4,SENT,,,
1770384928344,2a5623e0-9840-4fad-b9b4-54f150057eb1,SOLUSDT,SELL,Market,82.68,0.1,FILLED,,,
1770384937024,724ce387-af57-4738-a864-1f3b4fec45af,XRPUSDT,BUY,Limit,1.3848,28.0,FILLED,,,
1770385082959,8bcf1f80-e963-446b-b9ed-c8d8f174cb92,SOLUSDT,BUY,Limit,79.3,0.4,FILLED,,,
1770385086934,0cc6d277-d368-442a-8b6e-ff30ea85597c,XRPUSDT,SELL,ENTRY,1.4202,29,SENT,,,
1770385092015,0cc6d277-d368-442a-8b6e-ff30ea85597c,XRPUSDT,SELL,Limit,1.4202,29.0,FILLED,,,
1770385094734,83d52d87-5838-4eb5-8698-691190efec21,XRPUSDT,BUY,Market,1.4745,1.0,FILLED,,,
1770385127170,1058babb-dd91-4f92-bc6c-dadd8cba7289,XRPUSDT,SELL,ENTRY,1.4177,29,SENT,,,
1770385136394,3ddc38ed-a82e-4c10-baee-a720b392ffda,ETHUSDT,SELL,ENTRY,1975.98,0.03,SENT,,,
1770385136394,3ddc38ed-a82e-4c10-baee-a720b392ffda,ETHUSDT,SELL,Limit,1975.98,0.03,FILLED,,,
1770385137821,4581a504-3207-4adc-b740-00d64b351730,ETHUSDT,BUY,Market,1987.67,0.01,FILLED,,,
1770385137821,4581a504-3207-4adc-b740-00d64b351730,ETHUSDT,BUY,Market,1988.08,0.01,FILLED,,,
1770385163189,665e1f65-674f-46c0-8cbe-327ee1ec2cb7,XRPUSDT,BUY,ENTRY,1.3586,29,SENT,,,
1770385169024,489d8d59-1e07-4e58-9383-3fdb30a24a4e,SOLUSDT,BUY,ENTRY,82.44,0.4,SENT,,,
1770385176508,665e1f65-674f-46c0-8cbe-327ee1ec2cb7,XRPUSDT,BUY,Limit,1.3586,29.0,FILLED,,,
1770385192985,cba66d80-c4f3-4ae9-bf91-6994cfc2fb30,SOLUSDT,SELL,Market,86.39,0.4,FILLED,,,
1770385197940,62fc8afc-ab69-4740-9cc0-e9e294571a19,DOGEUSDT,BUY,ENTRY,0.09288,387,SENT,,,
1770385207179,971f109f-5f20-482b-8518-f0ae45673bd8,DOGEUSDT,SELL,Market,0.0926,246.0,FILLED,,,
1770385210043,aa639af5-1451-419e-8d43-d7516806ee2a,SOLUSDT,BUY,ENTRY,82.61,0.4,SENT,,,
1770385223369,f90176da-9373-4084-849f-8da653d1215c,XRPUSDT,SELL,ENTRY,1.4118,30,SENT,,,
1770385223369,aa639af5-1451-419e-8d43-d7516806ee2a,SOLUSDT,BUY,Limit,82.61,0.4,FILLED,,,
1770385223369,489d8d59-1e07-4e58-9383-3fdb30a24a4e,SOLUSDT,BUY,Limit,82.44,0.4,FILLED,,,
1770385228190,f90176da-9373-4084-849f-8da653d1215c,XRPUSDT,SELL,Limit,1.4118,30.0,FILLED,,,
1770385248204,bdf9a5b4-d5e2-4737-ad0a-cab43c5322b3,ETHUSDT,BUY,ENTRY,1934.72,0.03,SENT,,,
1770385261651,bdf9a5b4-d5e2-4737-ad0a-cab43c5322b3,ETHUSDT,BUY,Limit,1934.72,0.03,FILLED,,,
1770385285088,d45ef9ea-b85c-4cda-b2d9-f376d5f7357c,DOGEUSDT,BUY,ENTRY,0.09634,444,SENT,,,
1770385287813,d66b84dc-f608-45e4-b548-8c7b55a84235,ETHUSDT,BUY,ENTRY,1945.06,0.03,SENT,,,
1770385287813,d45ef9ea-b85c-4cda-b2d9-f376d5f7357c,DOGEUSDT,BUY,Limit,0.09634,444.0,FILLED,,,
1770385291416,d66b84dc-f608-45e4-b548-8c7b55a84235,ETHUSDT,BUY,Limit,1945.06,0.03,FILLED,,,
1770386401038,373d8dfc-69c4-4ad3-a77f-d993ec1e1d99,SOLUSDT,BUY,UNKNOWN,83.107,0.8,FILLED,,,
1770386401038,e002d47d-9192-42e9-8bb1-1700ba9f2565,XRPUSDT,SELL,UNKNOWN,1.4294,1.0,FILLED,,,
1770390002328,fc57fce3-7926-449c-bc41-167beb115397,SOLUSDT,BUY,UNKNOWN,85.514,0.8,FILLED,,,
1770390002328,3ef343c0-7737-4518-ac68-0e1c159b7d2b,XRPUSDT,SELL,UNKNOWN,1.4654,1.0,FILLED,,,
